-- phpMyAdmin SQL Dump
-- version 4.9.1
-- https://www.phpmyadmin.net/
--
-- Host: 127.0.0.1
-- Generation Time: Mar 05, 2020 at 08:57 AM
-- Server version: 10.4.8-MariaDB
-- PHP Version: 7.3.10

SET SQL_MODE = "NO_AUTO_VALUE_ON_ZERO";
SET AUTOCOMMIT = 0;
START TRANSACTION;
SET time_zone = "+00:00";


/*!40101 SET @OLD_CHARACTER_SET_CLIENT=@@CHARACTER_SET_CLIENT */;
/*!40101 SET @OLD_CHARACTER_SET_RESULTS=@@CHARACTER_SET_RESULTS */;
/*!40101 SET @OLD_COLLATION_CONNECTION=@@COLLATION_CONNECTION */;
/*!40101 SET NAMES utf8mb4 */;

--
-- Database: `equipment`
--

-- --------------------------------------------------------

--
-- Table structure for table `service_status`
--

CREATE TABLE `service_status` (
  `status_id` int(11) NOT NULL,
  `status_name` varchar(100) COLLATE utf8_bin NOT NULL COMMENT 'สถานะการยืม/คืน'
) ENGINE=InnoDB DEFAULT CHARSET=utf8 COLLATE=utf8_bin;

--
-- Dumping data for table `service_status`
--

INSERT INTO `service_status` (`status_id`, `status_name`) VALUES
(1, 'รออนุมัติ'),
(2, 'ไม่อนุมัติ'),
(3, 'อยู่ระหว่างยืม'),
(4, 'คืนอุปกรณ์แล้ว');

-- --------------------------------------------------------

--
-- Table structure for table `tblemployment`
--

CREATE TABLE `tblemployment` (
  `ID` varchar(255) COLLATE utf8_bin NOT NULL,
  `prefixThai` varchar(255) COLLATE utf8_bin NOT NULL,
  `nameThai` varchar(255) COLLATE utf8_bin NOT NULL,
  `email` varchar(255) COLLATE utf8_bin NOT NULL
) ENGINE=InnoDB DEFAULT CHARSET=utf8 COLLATE=utf8_bin;

--
-- Dumping data for table `tblemployment`
--

INSERT INTO `tblemployment` (`ID`, `prefixThai`, `nameThai`, `email`) VALUES
('003268A9-2E2E-48FF-BE9E-9727366CC6A1', 'นาง', 'กรวรรณ แก้วสม', 'korrawan.k@cmu.ac.th'),
('00cd5e2b-6548-11e7-8fca-000c29cc76f4', 'นาย', 'สุทธิภัทร จันทร์จุลเจิม', 'suttipat.j@cmu.ac.th'),
('00e5df57-d248-11e6-a6ad-000c29cc76f4', 'น.ส.', 'วรรณิษา อินต๊ะประสิทธิ์', 'wannisa.in@cmu.ac.th'),
('010EB2DC-7A1C-468C-9E19-9C5D298277FF', 'ผศ. ดร.', 'อรวรรณ วิรัลห์เวชยันต์', 'orawan.wi@cmu.ac.th'),
('015B97FE-47FD-45B1-97DB-6C3A3F894781', 'อ. ดร.', 'วิทยา ภีระ', 'wittaya.pheera@cmu.ac.th'),
('0241AE16-0674-402E-8A93-529859700220', 'ผศ. ดร.', 'แสงรวี ศรีวิชัย', 'saengrawee.s@cmu.ac.th'),
('02C50292-6AF3-43CF-A754-6BEC39AD86A6', 'นาย', 'อุเทน ฟูศรี', 'autian.fusri@cmu.ac.th'),
('031ED7EB-B331-4095-AA85-BCFCB30A5795', 'นาง', 'พัลลภา ชุมภูแก้ว', 'punlapa.chum@cmu.ac.th'),
('0379CF4F-3854-4B8D-AC80-91C73DE34599', 'ผศ.', 'วาสนา นัยโพธิ์', 'wassana.n@cmu.ac.th'),
('03884B87-9163-41DE-9434-BC2BFFBEB155', 'ผศ. ดร.', 'มรกต เก็บเจริญ', 'morrakot.k@cmu.ac.th');

-- --------------------------------------------------------

--
-- Table structure for table `tb_admin`
--

CREATE TABLE `tb_admin` (
  `admin_id` varchar(100) COLLATE utf8_bin NOT NULL,
  `admin_name` varchar(200) COLLATE utf8_bin NOT NULL
) ENGINE=InnoDB DEFAULT CHARSET=utf8 COLLATE=utf8_bin;

--
-- Dumping data for table `tb_admin`
--

INSERT INTO `tb_admin` (`admin_id`, `admin_name`) VALUES
('1', 'NONTAWAT');

-- --------------------------------------------------------

--
-- Table structure for table `tb_equipment`
--

CREATE TABLE `tb_equipment` (
  `equipment_id` int(11) NOT NULL,
  `equipment_photo` varchar(50) COLLATE utf8_bin NOT NULL COMMENT 'รูปภาพอุปกรณ์',
  `equipment_name` varchar(255) COLLATE utf8_bin NOT NULL COMMENT 'ชื่ออุปกรณ์',
  `equipment_number` varchar(20) COLLATE utf8_bin NOT NULL COMMENT 'จำนวนอุปกรณ์',
  `status_id` int(11) NOT NULL COMMENT 'สถานะของอุปกรณ์',
  `dur_id` varchar(100) COLLATE utf8_bin NOT NULL COMMENT 'ไอดีพัสดุ',
  `equipment_detail` varchar(255) COLLATE utf8_bin NOT NULL,
  `equipment_balance` varchar(20) COLLATE utf8_bin NOT NULL COMMENT 'วัสดุคงเหลือ'
) ENGINE=InnoDB DEFAULT CHARSET=utf8 COLLATE=utf8_bin;

--
-- Dumping data for table `tb_equipment`
--

INSERT INTO `tb_equipment` (`equipment_id`, `equipment_photo`, `equipment_name`, `equipment_number`, `status_id`, `dur_id`, `equipment_detail`, `equipment_balance`) VALUES
(1, 'equipment_1582096371.jpg', 'เครื่องฉายโปรเจ็คเตอร์ (Projector)', '13', 1, 'ERT2250', 'เครื่องฉาย', '13'),
(2, 'ep2.jpg', 'เครื่องฉายภาพ 3 มิติ (Visualizer)', '13', 1, '0ERT22502', '3 มิติ', '13'),
(3, 'ep3.jpg', 'เครื่องขยายเสียง', '13', 1, '0ERT227', 'ขยาย', '13'),
(4, 'ep4.jpg', 'ไมโครโฟน (แบบสาย)', '13', 1, 'ERT2250888888', 'ไมคโครโฟน', '13'),
(5, 'ep5.jpg', 'ไมโครโฟน (แบบไร้สาย)', '13', 1, '0ERT22150', 'ไร้สาย', '13'),
(6, 'ep6.jpg', 'เครื่องคอมพิวเตอร์ (Notebook)', '13', 1, 'ERT22505', 'คอม', '13'),
(7, 'ep7.jpg', 'เมาส์', '13', 2, 'ERT22547', 'อยากลองใช้อยากลองใช้อยากลองใช้อยากลองใช้อยากลองใช้อยากอยากลองใช้อยากลองใช้อยากลองใช้อยากลองใช้อยากลองใช้อยากอยากลองใช้อยากลองใช้อยากลองใช้อยากลองใช้อยากลองใช้อยาก', '13'),
(8, 'ep8.jpg', 'คีย์บอร์ด', '13', 2, 'ERT22501', 'อยากใช้', '13'),
(9, 'ep9.jpg', 'จอแสดงผล', '13', 1, 'ERT22505', 'น่าใช้', '13'),
(10, 'ep10.jpg', 'จอ', '13', 1, 'ERT22506', 'ใช้งาน', '13'),
(18, 'equipment_1582166681.jpg', 'BMW', '5', 1, 'CITY', 'ทดทองใช้', '5'),
(24, 'equipment_1582603226.png', 'test', '3', 1, 'BMW', 'รุ่น C200', '3'),
(25, 'equipment_1582612252.jpg', 'iphon', '6', 1, 'EW2', 'iphone10', '6');

-- --------------------------------------------------------

--
-- Table structure for table `tb_list`
--

CREATE TABLE `tb_list` (
  `list_id` int(11) NOT NULL,
  `servicedetail_id` int(11) NOT NULL COMMENT 'idข้อมูลการยืมอุปกรณ์',
  `equipment_id` int(11) NOT NULL COMMENT 'รหัสอุปกรณ์',
  `equipment_unit` int(11) NOT NULL COMMENT 'จำนวนการยืมอุปกรณ์',
  `equipment_text` varchar(200) COLLATE utf8_bin NOT NULL COMMENT 'อุปกรณ์อื่นๆ',
  `status_id` int(11) NOT NULL COMMENT 'สเตตัสการยืม',
  `list_note` text COLLATE utf8_bin NOT NULL COMMENT 'หมายเหตุ'
) ENGINE=InnoDB DEFAULT CHARSET=utf8 COLLATE=utf8_bin;

--
-- Dumping data for table `tb_list`
--

INSERT INTO `tb_list` (`list_id`, `servicedetail_id`, `equipment_id`, `equipment_unit`, `equipment_text`, `status_id`, `list_note`) VALUES
(1, 1, 3, 2, '', 4, 'เครื่องขยายเสียง'),
(2, 1, 5, 2, '', 4, 'ไมโครโฟน (แบบไร้สาย)'),
(3, 1, 9, 2, '', 4, 'จอแสดงผล'),
(4, 1, 0, 2, 'เสื่อ', 4, 'เสื่อ'),
(5, 2, 1, 1, '', 4, ''),
(6, 2, 4, 1, '', 4, ''),
(7, 2, 5, 1, '', 4, ''),
(8, 2, 6, 1, '', 4, ''),
(9, 3, 3, 3, '', 2, 'หมด'),
(10, 3, 0, 2, 'เครื่องวัดอัตราเต้นของหัวใจ', 4, ''),
(11, 3, 0, 1, 'เสื่อรองนั่ง', 4, ''),
(12, 3, 0, 1, 'ปลั้กไฟ', 4, ''),
(18, 4, 3, 2, '', 4, 'เครื่องขยายเสียง'),
(19, 4, 6, 2, '', 4, 'เครื่องคอมพิวเตอร์ (Notebook)'),
(20, 4, 14, 3, '', 2, 'เมาส์ไม่มี'),
(21, 4, 0, 1, 'หูฟัง', 4, 'หูฟัง'),
(22, 4, 0, 1, 'ลำโพง', 2, 'ลำโพง'),
(23, 5, 1, 1, '', 4, 'เครื่องฉายโปรเจ็คเตอร์ (Projector)'),
(24, 5, 4, 3, '', 2, 'ไมโครโฟน (แบบสาย) ไม่ให้'),
(25, 5, 5, 3, '', 4, 'ไมโครโฟน (แบบไร้สาย)'),
(26, 5, 6, 2, '', 4, 'เครื่องคอมพิวเตอร์ (Notebook)'),
(27, 5, 9, 1, '', 4, 'จอแสดงผล'),
(28, 5, 10, 1, '', 2, 'จอ ไม่ให้เพราะยืมจอไปแล้ว'),
(29, 5, 14, 1, '', 4, 'เมาส์'),
(30, 5, 0, 2, 'แผ่นรองเมาส์', 4, 'แผ่นรองเมาส์'),
(31, 5, 0, 1, 'เสื่อ', 4, 'เสื่อ'),
(32, 6, 1, 1, '', 4, 'เครื่องฉายโปรเจ็คเตอร์ (Projector)'),
(33, 6, 4, 1, '', 4, 'ไมโครโฟน (แบบสาย)'),
(34, 6, 5, 1, '', 4, '	ไมโครโฟน (แบบไร้สาย)'),
(35, 6, 6, 2, '', 2, 'ชำรุด'),
(36, 6, 9, 1, '', 4, 'จอแสดงผล'),
(37, 6, 10, 1, '', 4, 'จอ'),
(38, 6, 14, 1, '', 4, 'เมาส์'),
(39, 6, 0, 1, 'คอมพิวเตอร์', 4, 'คอมพิวเตอร์'),
(40, 7, 1, 1, '', 2, ''),
(41, 7, 3, 1, '', 4, ''),
(42, 7, 5, 1, '', 4, ''),
(43, 7, 0, 1, 'คอมพิวเตอร์', 4, ''),
(44, 8, 1, 1, '', 4, ''),
(45, 8, 4, 1, '', 2, ''),
(46, 8, 5, 1, '', 4, ''),
(47, 8, 0, 1, 'คอมพิวเตอร์', 4, ''),
(48, 9, 1, 1, '', 2, 'เครื่องฉายโปรเจ็คเตอร์ (Projector) ไม่ให้'),
(49, 9, 3, 1, '', 4, 'เครื่องขยายเสียง'),
(50, 10, 1, 1, '', 4, '	เครื่องฉายโปรเจ็คเตอร์ (Projector)'),
(51, 10, 2, 1, '', 4, '	เครื่องฉายภาพ 3 มิติ (Visualizer)'),
(52, 11, 1, 1, '', 4, '	เครื่องฉายโปรเจ็คเตอร์ (Projector)'),
(53, 11, 4, 1, '', 2, 'ไม่'),
(54, 11, 6, 1, '', 4, 'เครื่องคอมพิวเตอร์ (Notebook)'),
(55, 11, 9, 1, '', 2, 'ไม่'),
(56, 11, 0, 1, 'คอมพิวเตอร์', 4, 'คอมพิวเตอร์'),
(57, 12, 17, 1, '', 2, 'ไม่มี'),
(58, 12, 0, 2, 'เมาส์', 4, ''),
(59, 12, 0, 2, 'ไมค์โครโฟน', 4, ''),
(60, 13, 0, 1, 'เมาส์', 2, 'ไม่'),
(61, 13, 0, 1, 'คอม', 2, 'ไม่'),
(62, 14, 17, 1, '', 4, 'test'),
(63, 14, 0, 1, 'คอม', 2, 'หห'),
(64, 14, 0, 1, 'เมาส์', 2, 'หหห'),
(65, 15, 3, 2, '', 4, 'เครื่องขยายเสียง'),
(66, 15, 5, 4, '', 4, 'ไมโครโฟน (แบบไร้สาย)'),
(67, 15, 9, 2, '', 2, 'จอแสดงผล ไม่'),
(68, 15, 14, 2, '', 2, 'เมาส์ไม่'),
(69, 15, 17, 2, '', 2, 'testไม่'),
(70, 15, 0, 2, 'เมาส์', 4, 'เมาส์'),
(71, 15, 0, 2, 'คอม', 4, 'คอม'),
(82, 16, 1, 1, '', 1, ''),
(83, 16, 2, 1, '', 1, ''),
(84, 16, 3, 1, '', 1, ''),
(85, 16, 4, 1, '', 1, ''),
(86, 16, 9, 4, '', 1, ''),
(87, 16, 10, 1, '', 1, ''),
(88, 16, 11, 1, '', 1, ''),
(89, 16, 0, 1, 'คอม', 1, ''),
(90, 16, 0, 1, 'เมาส์', 1, ''),
(91, 16, 0, 1, 'ไมค์โครโฟน', 1, ''),
(92, 17, 17, 1, '', 4, ''),
(97, 18, 1, 3, '', 4, '1'),
(99, 19, 1, 2, '', 2, ''),
(132, 20, 1, 1, '', 4, '1'),
(133, 20, 2, 2, '', 4, '2'),
(134, 20, 3, 3, '', 4, '3'),
(135, 20, 4, 4, '', 4, '4'),
(136, 21, 1, 4, '', 4, '54454'),
(137, 21, 2, 3, '', 4, '4545'),
(138, 21, 3, 2, '', 4, '454'),
(139, 21, 4, 1, '', 4, '54'),
(140, 22, 1, 1, '', 2, '+66'),
(141, 23, 1, 10, '', 4, ''),
(142, 24, 1, 1, '', 4, ''),
(144, 25, 1, 2, '', 4, 'g'),
(145, 26, 2, 10, '', 4, 's'),
(146, 27, 2, 1, '', 4, 's'),
(156, 28, 1, 5, '', 2, '12'),
(157, 28, 2, 2, '', 4, '23'),
(158, 28, 6, 2, '', 2, '1213'),
(159, 28, 0, 1, 'ไมค์โคโฟน', 2, '1'),
(160, 28, 0, 1, 'เมาส์', 4, '213'),
(164, 29, 1, 1, '', 4, '1'),
(165, 29, 0, 2, 'เมาส์', 2, '2'),
(166, 29, 0, 2, 'คอม', 4, '3'),
(172, 30, 1, 5, '', 2, '1'),
(173, 30, 2, 2, '', 4, '1'),
(174, 30, 6, 3, '', 2, '1'),
(175, 30, 10, 2, '', 2, '1'),
(176, 30, 0, 1, 'เมาส์', 4, '1'),
(177, 30, 0, 1, 'คอม', 4, '1'),
(178, 31, 1, 2, '', 4, ''),
(179, 31, 3, 2, '', 4, ''),
(180, 31, 5, 2, '', 4, ''),
(181, 31, 9, 2, '', 4, ''),
(182, 32, 2, 5, '', 4, 'sd'),
(183, 32, 4, 5, '', 2, 'da'),
(184, 32, 6, 4, '', 4, 'das'),
(185, 32, 9, 6, '', 2, 'as'),
(186, 32, 0, 1, 'เมาส์', 2, 'asd'),
(187, 32, 0, 1, 'คอม', 4, 'asd'),
(188, 33, 1, 5, '', 2, ''),
(189, 33, 2, 5, '', 4, ''),
(190, 33, 3, 4, '', 4, ''),
(191, 33, 4, 8, '', 2, ''),
(192, 33, 5, 5, '', 2, ''),
(193, 33, 6, 5, '', 4, ''),
(194, 33, 9, 4, '', 2, ''),
(195, 33, 10, 4, '', 2, ''),
(196, 33, 0, 1, 'ไมค์โคโฟน', 4, ''),
(197, 34, 1, 2, '', 2, ''),
(198, 35, 1, 2, '', 2, ''),
(199, 36, 1, 2, '', 2, ''),
(200, 37, 1, 2, '', 2, ''),
(201, 38, 1, 2, '', 4, ''),
(202, 39, 1, 2, '', 2, ''),
(203, 40, 1, 2, '', 2, ''),
(204, 41, 1, 2, '', 2, ''),
(205, 42, 2, 1, '', 4, ''),
(206, 42, 2, 1, '', 4, ''),
(207, 43, 5, 1, '', 4, ''),
(208, 43, 9, 1, '', 4, ''),
(209, 44, 2, 1, '', 4, 'asd'),
(210, 45, 3, 1, '', 4, 'asda'),
(211, 46, 3, 1, '', 2, ''),
(212, 47, 3, 1, '', 4, ''),
(213, 48, 3, 1, '', 4, ''),
(214, 49, 3, 1, '', 4, 'sad'),
(215, 50, 3, 1, '', 4, 'a'),
(216, 51, 1, 5, '', 2, '454554'),
(217, 51, 2, 1, '', 2, '45'),
(218, 51, 3, 2, '', 2, '4'),
(219, 51, 4, 2, '', 4, '54'),
(220, 51, 5, 1, '', 2, '4'),
(221, 51, 6, 2, '', 4, '5'),
(222, 51, 9, 4, '', 2, '4'),
(223, 51, 10, 2, '', 4, '544544'),
(224, 51, 0, 1, 'เมาส์', 2, '45'),
(225, 52, 1, 4, '', 2, ''),
(226, 52, 2, 5, '', 2, ''),
(227, 52, 3, 4, '', 2, ''),
(228, 52, 5, 5, '', 2, ''),
(229, 52, 9, 4, '', 2, ''),
(230, 52, 0, 1, 'คอม', 2, ''),
(231, 53, 2, 1, '', 4, ''),
(232, 53, 3, 1, '', 4, 'ให้ยืม45'),
(233, 53, 6, 1, '', 2, ''),
(234, 53, 9, 1, '', 2, ''),
(235, 53, 10, 1, '', 4, '45'),
(236, 53, 0, 1, 'เมาส์', 4, ''),
(237, 54, 1, 2, '', 4, '545'),
(238, 54, 3, 2, '', 2, '45'),
(239, 54, 5, 2, '', 2, '54'),
(240, 54, 6, 2, '', 4, '4'),
(241, 54, 9, 2, '', 4, '45'),
(242, 54, 10, 1, '', 2, '45'),
(243, 55, 6, 2, '', 4, '555'),
(244, 56, 10, 1, '', 4, ''),
(245, 57, 2, 1, '', 4, ''),
(246, 58, 1, 1, '', 4, ''),
(247, 58, 4, 1, '', 4, ''),
(248, 58, 5, 1, '', 4, ''),
(249, 58, 6, 2, '', 4, ''),
(250, 59, 25, 1, '', 4, ''),
(251, 60, 1, 1, '', 4, 'ทดสอบ'),
(252, 61, 1, 5, '', 4, '1'),
(253, 61, 3, 1, '', 4, '2'),
(254, 61, 4, 3, '', 2, '3'),
(255, 61, 5, 2, '', 2, '4'),
(256, 61, 10, 1, '', 4, '5'),
(257, 61, 24, 2, '', 2, '6'),
(258, 61, 25, 1, '', 4, '7'),
(259, 62, 1, 1, '', 4, ''),
(260, 62, 4, 1, '', 4, ''),
(261, 62, 6, 2, '', 4, ''),
(262, 62, 0, 2, 'เมาส์', 4, ''),
(263, 62, 0, 2, 'คอม', 4, ''),
(264, 63, 1, 1, '', 2, 'ไม่'),
(265, 63, 2, 1, '', 2, 'ไม่'),
(266, 63, 6, 1, '', 2, 'ไม่'),
(267, 63, 9, 1, '', 2, 'ไม่'),
(268, 63, 24, 1, '', 2, 'ไม่'),
(269, 63, 0, 1, 'เมาส์', 4, 'ให้'),
(270, 64, 1, 1, '', 2, 'ๅ/'),
(271, 64, 3, 3, '', 2, '-ๅ/-'),
(272, 64, 4, 3, '', 2, '/ภๅ/'),
(273, 64, 6, 1, '', 4, 'ๅ/ภๅ/'),
(274, 64, 9, 2, '', 4, '-ๅ/'),
(275, 64, 25, 1, '', 2, '-/ๅ-'),
(276, 64, 0, 1, 'คอม', 2, 'ๅ/-/'),
(277, 64, 0, 1, 'เมาส์', 4, 'ๅ-ๅ/'),
(278, 65, 1, 3, '', 4, 'ดเ'),
(279, 65, 2, 3, '', 4, '้้ด'),
(280, 65, 3, 2, '', 2, 'ด้เด'),
(281, 65, 4, 1, '', 4, 'เ้'),
(282, 65, 5, 1, '', 2, 'ด้'),
(283, 65, 6, 1, '', 2, '้เเดเ้ด'),
(284, 65, 9, 2, '', 2, 'ดด'),
(285, 65, 10, 4, '', 4, 'เ้'),
(286, 65, 24, 1, '', 4, 'เ้'),
(287, 65, 25, 3, '', 4, 'เดเด'),
(288, 65, 0, 1, 'เมาส์', 2, 'เ้ด'),
(289, 65, 0, 1, 'คอม', 4, 'ดเ้'),
(290, 66, 1, 1, '', 2, ''),
(291, 66, 10, 1, '', 2, ''),
(292, 66, 0, 1, 'คอม', 2, ''),
(293, 66, 0, 1, 'ไมค์โคโฟน', 2, ''),
(304, 67, 1, 2, '', 4, ''),
(305, 67, 2, 2, '', 4, ''),
(306, 67, 4, 2, '', 4, ''),
(307, 67, 5, 1, '', 4, ''),
(308, 67, 9, 1, '', 4, ''),
(309, 67, 10, 1, '', 4, ''),
(310, 67, 24, 1, '', 4, ''),
(311, 67, 25, 2, '', 4, ''),
(312, 67, 0, 1, 'เมาส์', 4, ''),
(313, 67, 0, 1, 'ดินสอ', 4, ''),
(314, 67, 0, 1, 'โทรศัพท์', 4, '');

-- --------------------------------------------------------

--
-- Table structure for table `tb_service`
--

CREATE TABLE `tb_service` (
  `service_id` int(11) NOT NULL,
  `service_name` varchar(100) COLLATE utf8_bin NOT NULL COMMENT 'การบริการการติดตั้ง'
) ENGINE=InnoDB DEFAULT CHARSET=utf8 COLLATE=utf8_bin;

--
-- Dumping data for table `tb_service`
--

INSERT INTO `tb_service` (`service_id`, `service_name`) VALUES
(1, 'บริการติดตั้ง'),
(2, 'บริการไม่ติดตั้ง');

-- --------------------------------------------------------

--
-- Table structure for table `tb_servicedetails`
--

CREATE TABLE `tb_servicedetails` (
  `servicedetail_id` int(11) NOT NULL,
  `servicedetail_date` datetime NOT NULL COMMENT 'วันที่ขอรับบริการ',
  `user_id` varchar(100) COLLATE utf8_bin NOT NULL COMMENT 'ไอดีของผู้ใช้บริการ',
  `userapprove_id` varchar(100) COLLATE utf8_bin NOT NULL COMMENT 'ไอดีผู้อนุมัติให้ยืม',
  `status_id` int(11) NOT NULL COMMENT 'สถานะการยืม/คืน',
  `detail` text COLLATE utf8_bin NOT NULL COMMENT 'ความประสงค์/กิจกรรม',
  `on_date` date NOT NULL COMMENT 'ในวันที่',
  `to_date` date NOT NULL COMMENT 'ถึงวันที่',
  `on_time` text COLLATE utf8_bin NOT NULL COMMENT 'เวลาที่ยืม',
  `to_time` text COLLATE utf8_bin NOT NULL COMMENT 'เวลาที่คืน',
  `place` text COLLATE utf8_bin NOT NULL COMMENT 'สถานที่',
  `service_id` int(11) NOT NULL COMMENT 'บริการการติดตั้ง',
  `note` varchar(255) COLLATE utf8_bin NOT NULL COMMENT 'หมายเหตุ',
  `userrecipient_id` varchar(100) COLLATE utf8_bin NOT NULL COMMENT 'ไอดีผู้รับคืนอุปกรณ์',
  `recipient_note` varchar(255) COLLATE utf8_bin NOT NULL COMMENT 'หมายเหตุการรับคืน',
  `notapproved_note` varchar(200) COLLATE utf8_bin NOT NULL COMMENT 'หมายเหตุที่ไม่อนุมัติ',
  `approval_note` varchar(255) COLLATE utf8_bin NOT NULL COMMENT 'หมายเหตุอนุมัติ',
  `usernotapprove_id` varchar(100) COLLATE utf8_bin NOT NULL COMMENT 'ผู้ไม่อนุมัติ',
  `date_return` date NOT NULL COMMENT 'วันที่รับคืน',
  `time_return` text COLLATE utf8_bin NOT NULL COMMENT 'เวลารับคืน'
) ENGINE=InnoDB DEFAULT CHARSET=utf8 COLLATE=utf8_bin;

--
-- Dumping data for table `tb_servicedetails`
--

INSERT INTO `tb_servicedetails` (`servicedetail_id`, `servicedetail_date`, `user_id`, `userapprove_id`, `status_id`, `detail`, `on_date`, `to_date`, `on_time`, `to_time`, `place`, `service_id`, `note`, `userrecipient_id`, `recipient_note`, `notapproved_note`, `approval_note`, `usernotapprove_id`, `date_return`, `time_return`) VALUES
(1, '2020-02-20 09:56:38', '003268A9-2E2E-48FF-BE9E-9727366CC6A1', 'NONTAWAT', 4, 'กิจกรรมเต้น แอโรบิค กิจกรรมวิ่ง-เดิน ก้าวคนละก้าว สู่ รั้วมหาลัยเชียงใหม่', '2020-02-22', '2020-02-23', '12:12', '13:13', 'คณะวิทยาศาสตร์ มหาวิทยาลัยเชียงใหม่\r\n239 ถนนห้วยแก้ว ตำบลสุเทพ อำเภอเมือง จังหวัดเชียงใหม่ 50200', 1, 'ขอใช้เพื่อกิจกรรมเด้อ', 'NONTAWAT', 'รับคืน', '', 'ให้ยืมใช้', '', '2020-02-20', '13:29'),
(2, '2020-02-20 10:02:35', '003268A9-2E2E-48FF-BE9E-9727366CC6A1', 'NONTAWAT', 4, 'การประชุมสัมนา ของคณะวิทยาศาสตร์', '2020-02-23', '2020-02-24', '12:34', '15:16', 'คณะวิทยาศาสตร์ มหาวิทยาลัยเชียงใหม่\r\n239 ถนนห้วยแก้ว ตำบลสุเทพ อำเภอเมือง จังหวัดเชียงใหม่ 50200', 1, 'ขอใช้สัมนา', 'NONTAWAT', 'รับคืน', '', 'ให้ยืม', '', '2020-02-20', '13:29'),
(3, '2020-02-20 10:04:42', '003268A9-2E2E-48FF-BE9E-9727366CC6A1', 'NONTAWAT', 4, 'เดินวิ่งการกุศล ของหมู่เหลาคณะวิทย์ฯ', '2020-02-25', '2020-02-26', '22:33', '11:22', 'คณะวิทยาศาสตร์ มหาวิทยาลัยเชียงใหม่\r\n239 ถนนห้วยแก้ว ตำบลสุเทพ อำเภอเมือง จังหวัดเชียงใหม่ 50200', 1, 'ขอใช้หน่อย', 'NONTAWAT', 'รับคืน3', '', 'ให้ยืม', '', '2020-02-20', '14:07'),
(4, '2020-02-20 10:08:41', '010EB2DC-7A1C-468C-9E19-9C5D298277FF', 'NONTAWAT', 4, 'การเดินทางไปเที่ยวต่างประเทศ(รัสเซีย)', '2020-02-27', '2020-02-28', '14:15', '16:17', 'รัสเซีย', 2, 'ขอยืมเด้อ', 'NONTAWAT', 'รับคืน', '', 'ให้ยืม', '', '2020-02-20', '13:32'),
(5, '2020-02-20 10:12:42', '010EB2DC-7A1C-468C-9E19-9C5D298277FF', 'NONTAWAT', 4, 'การประชุมของผู้บริหารคณะวิทย์ฯ', '2020-02-27', '2020-02-29', '22:23', '23:25', 'คณะวิทยาศาสตร์ มหาวิทยาลัยเชียงใหม่', 1, 'ขอใช้บริการเด้อเอาคอมแรงๆๆ', 'NONTAWAT', 'รับคืน', '', 'ให้ยืม', '', '2020-02-20', '13:32'),
(6, '2020-02-20 10:15:22', '010EB2DC-7A1C-468C-9E19-9C5D298277FF', 'NONTAWAT', 4, 'การประชุมของผู้บริหารคณะวิทย์ฯ', '2020-02-27', '2020-02-29', '22:23', '23:24', 'คณะวิทยาศาสตร์ มหาวิทยาลัยเชียงใหม่', 1, 'ขอใช้บริการยืมเด้อ', 'NONTAWAT', 'รับคืน', '', 'ให้ยืมม', '', '2020-02-20', '13:32'),
(7, '2020-02-20 10:39:34', '010EB2DC-7A1C-468C-9E19-9C5D298277FF', 'NONTAWAT', 4, 'กิจกรรมแอโรบิค การออกกำลังเพื่อรักษาสุขภาพให้แข็งแรง', '2020-02-22', '2020-02-23', '12:00', '13:00', 'คณะวิทยาศาสตร์ มหาวิทยาลัยเชียงใหม่\r\n239 ถนนห้วยแก้ว ตำบลสุเทพ อำเภอเมือง จังหวัดเชียงใหม่ 50200', 1, 'ขอใช้หน่อย', 'NONTAWAT', 'รับคืน', '', 'ให้ยืม', '', '2020-02-20', '13:32'),
(8, '2020-02-20 10:42:54', '010EB2DC-7A1C-468C-9E19-9C5D298277FF', 'NONTAWAT', 4, 'การประชุมสัมนาคุณ คณะวิทย์ฯ', '2020-02-22', '2020-02-24', '12:30', '13:00', 'คณะวิทยาศาสตร์ มหาวิทยาลัยเชียงใหม่\r\n239 ถนนห้วยแก้ว ตำบลสุเทพ อำเภอเมือง จังหวัดเชียงใหม่ 50200', 1, 'ขอให้บริการในการประชุม', 'NONTAWAT', '8 คืนแล้ว', '', '8 ให้ยืม', '', '2020-02-20', '13:25'),
(9, '2020-02-20 10:47:32', '010EB2DC-7A1C-468C-9E19-9C5D298277FF', 'NONTAWAT', 4, 'พบประสังสรรค์', '2020-02-22', '2020-02-28', '12:13', '14:15', 'คณะวิทยาศาสตร์ มหาวิทยาลัยเชียงใหม่\r\n239 ถนนห้วยแก้ว ตำบลสุเทพ อำเภอเมือง จังหวัดเชียงใหม่ 50200', 1, 'ขอใช้', 'NONTAWAT', 'รับคืน9', '', 'ให้ยืม', '', '2020-02-20', '13:26'),
(10, '2020-02-20 10:49:08', '010EB2DC-7A1C-468C-9E19-9C5D298277FF', 'NONTAWAT', 4, 'พบประสังสรรค์', '2020-02-22', '2020-02-28', '12:13', '14:15', 'คณะวิทยาศาสตร์ มหาวิทยาลัยเชียงใหม่\r\n239 ถนนห้วยแก้ว ตำบลสุเทพ อำเภอเมือง จังหวัดเชียงใหม่ 50200', 1, 'ขอใช้', 'NONTAWAT', 'รับคืน', '', 'ให้ยืม', '', '2020-02-20', '13:32'),
(11, '2020-02-20 10:58:10', '010EB2DC-7A1C-468C-9E19-9C5D298277FF', 'NONTAWAT', 4, 'กิจกรรมเสริมสร้างทักษะการใช้ชีวิต', '2020-02-22', '2020-02-29', '08:30', '12:00', 'คณะวิทยาศาสตร์ มหาวิทยาลัยเชียงใหม่\r\n239 ถนนห้วยแก้ว ตำบลสุเทพ อำเภอเมือง จังหวัดเชียงใหม่ 50200', 1, 'ขอใช้บริการ', 'NONTAWAT', 'รับคืน11', '', 'อนุมัติ', '', '2020-02-20', '13:28'),
(12, '2020-02-20 13:39:30', '010EB2DC-7A1C-468C-9E19-9C5D298277FF', 'NONTAWAT', 4, 'กิจกรรมต่างๆของคณะวิทย์ฯ', '2020-02-22', '2020-02-24', '22:23', '23:26', 'คณะวิทยาศาสตร์ มหาวิทยาลัยเชียงใหม่\r\n239 ถนนห้วยแก้ว ตำบลสุเทพ อำเภอเมือง จังหวัดเชียงใหม่ 50200', 1, 'ขอยืม', 'NONTAWAT', 'รับคืน12', '', 'ให้ยืม', '', '2020-02-20', '14:08'),
(13, '2020-02-20 13:55:20', '010EB2DC-7A1C-468C-9E19-9C5D298277FF', 'NONTAWAT', 2, 'แอโรบิค', '2020-02-22', '2020-02-23', '23:23', '22:22', 'คณะวิทย์ฯ', 1, 'ขอใช้', '', '', '', 'ไม่ให้ยืม', '', '0000-00-00', ''),
(14, '2020-02-20 14:01:35', '010EB2DC-7A1C-468C-9E19-9C5D298277FF', 'NONTAWAT', 4, 'แอโรบิค', '2020-02-22', '2020-02-23', '23:23', '22:22', 'คณะวิทย์ฯ', 1, 'ขอใช้หน่อย', 'NONTAWAT', 'รับคืน', '', 'อนุมัติ', '', '2020-02-20', '14:03'),
(15, '2020-02-20 14:08:50', '010EB2DC-7A1C-468C-9E19-9C5D298277FF', 'NONTAWAT', 4, 'โยคะ', '2020-02-22', '2020-02-23', '22:22', '23:23', 'คณะวิทย์ฯ', 1, 'ขอยืมใช้', 'NONTAWAT', 'รับคืน', '', 'ยืนยัน', '', '2020-02-20', '14:10'),
(16, '2020-02-20 14:19:01', '031ED7EB-B331-4095-AA85-BCFCB30A5795', 'NONTAWAT', 4, 'text', '2020-02-22', '2020-02-29', '05:01', '15:15', 'place', 1, 'ขอใช้', 'NONTAWAT', 'รับคืน', '', 'ยืนยัน', '', '2020-02-20', '14:21'),
(17, '2020-02-20 14:24:52', '031ED7EB-B331-4095-AA85-BCFCB30A5795', 'NONTAWAT', 4, '213112', '2020-02-22', '2020-02-22', '11:22', '22:33', '312312', 1, '21', 'NONTAWAT', '', '', '', '', '2020-02-20', '23:33'),
(18, '2020-02-20 14:27:08', '031ED7EB-B331-4095-AA85-BCFCB30A5795', 'NONTAWAT', 4, '2', '2020-02-22', '2020-02-28', '23:32', '03:23', '32', 1, '23', 'NONTAWAT', '', '', 'ให้', '', '2020-02-20', '23:33'),
(19, '2020-02-20 23:31:59', '031ED7EB-B331-4095-AA85-BCFCB30A5795', 'NONTAWAT', 4, '23', '2020-02-22', '2020-02-23', '02:22', '23:23', '23', 1, '32', 'NONTAWAT', '', '', '12', '', '2020-02-20', '23:32'),
(20, '2020-02-20 23:34:04', '031ED7EB-B331-4095-AA85-BCFCB30A5795', 'NONTAWAT', 4, '212', '2020-02-23', '2020-02-29', '12:21', '12:21', '121', 1, '21', 'NONTAWAT', '54545', '', 'ให้ยืม55555555555', '', '2020-02-21', '00:57'),
(21, '2020-02-21 00:09:05', '031ED7EB-B331-4095-AA85-BCFCB30A5795', 'NONTAWAT', 4, '32', '2020-02-23', '2020-02-23', '23:23', '23:23', '23', 1, 'czc', 'NONTAWAT', '45', '', '454', '', '2020-02-21', '00:57'),
(22, '2020-02-21 09:00:13', '031ED7EB-B331-4095-AA85-BCFCB30A5795', '', 2, '121', '2020-02-23', '2020-02-23', '11:11', '22:22', '21', 1, '121', '', '', '+', '', 'NONTAWAT', '0000-00-00', ''),
(23, '2020-02-21 09:32:00', '031ED7EB-B331-4095-AA85-BCFCB30A5795', 'NONTAWAT', 4, '10', '2020-02-23', '2020-02-23', '11:12', '11:13', '10', 1, '10', 'NONTAWAT', '', '', '', '', '2020-02-21', '09:57'),
(24, '2020-02-21 09:32:59', '031ED7EB-B331-4095-AA85-BCFCB30A5795', 'NONTAWAT', 4, '3', '2020-02-23', '2020-02-23', '23:05', '23:55', '3', 1, '555', 'NONTAWAT', '', '', '', '', '2020-02-21', '09:57'),
(25, '2020-02-21 09:33:09', '031ED7EB-B331-4095-AA85-BCFCB30A5795', 'NONTAWAT', 4, '5425', '2020-02-23', '2020-02-25', '08:08', '09:09', '2542', 1, '2', 'NONTAWAT', '', '', 'g', '', '2020-02-21', '09:57'),
(26, '2020-02-21 09:45:28', '031ED7EB-B331-4095-AA85-BCFCB30A5795', 'NONTAWAT', 4, '52525', '2020-02-23', '2020-02-29', '04:05', '06:07', '2525252', 1, '4141', 'NONTAWAT', '', '', 'ss', '', '2020-02-21', '09:57'),
(27, '2020-02-21 09:46:03', '031ED7EB-B331-4095-AA85-BCFCB30A5795', 'NONTAWAT', 4, '414', '2020-02-23', '2020-02-28', '07:08', '09:10', '41', 1, '2254', 'NONTAWAT', '', '', 's', '', '2020-02-21', '09:57'),
(28, '2020-02-24 12:39:50', '031ED7EB-B331-4095-AA85-BCFCB30A5795', 'NONTAWAT', 4, 'กไฟกฟหกฟห', '2020-02-26', '2020-02-29', '05:15', '23:25', 'หฟกฟหฟห', 1, 'หฟกฟกฟหกฟหกฟหกฟหกฟ', 'NONTAWAT', 'นนทวัฒน์มาส่งคืน', '', '512', '', '2020-02-24', '13:29'),
(29, '2020-02-24 13:21:22', '031ED7EB-B331-4095-AA85-BCFCB30A5795', 'NONTAWAT', 4, '12', '2020-02-26', '2020-02-26', '12:12', '12:21', '1212', 1, '1212', 'NONTAWAT', 'รับ\r\n', '', '2', '', '2020-02-24', '13:30'),
(30, '2020-02-24 21:35:09', '031ED7EB-B331-4095-AA85-BCFCB30A5795', 'NONTAWAT', 4, '11111111111111111', '2020-02-26', '2020-02-27', '15:16', '17:18', '22222222222', 1, '22222222', 'NONTAWAT', '2342', '', 'wqwd', '', '2020-02-24', '21:43'),
(31, '2020-02-24 21:41:19', '031ED7EB-B331-4095-AA85-BCFCB30A5795', 'NONTAWAT', 4, '342342342', '2020-02-26', '2020-02-28', '03:04', '05:06', '3242342', 2, '324', 'NONTAWAT', '2342', '', '32432423', '', '2020-02-24', '21:42'),
(32, '2020-02-25 09:57:27', '031ED7EB-B331-4095-AA85-BCFCB30A5795', 'NONTAWAT', 4, '555555555555', '2020-02-27', '2020-02-28', '15:16', '17:18', '2222222222222', 2, 'ไม่มี', 'NONTAWAT', 'sw', '', 'das', '', '2020-02-25', '10:51'),
(33, '2020-02-25 09:58:51', '031ED7EB-B331-4095-AA85-BCFCB30A5795', 'NONTAWAT', 4, '25252525', '2020-02-27', '2020-02-29', '17:18', '09:20', '1414141414', 1, '25424524', 'NONTAWAT', '00000000000dasda', '', 'asd', '', '2020-02-25', '10:36'),
(34, '2020-02-25 10:00:27', '031ED7EB-B331-4095-AA85-BCFCB30A5795', '', 2, '44444444444', '2020-02-27', '2020-02-29', '04:44', '03:56', '444444444444', 1, '2222222222', '', '', '', '', 'NONTAWAT', '0000-00-00', ''),
(35, '2020-02-25 10:00:27', '031ED7EB-B331-4095-AA85-BCFCB30A5795', '', 2, '44444444444', '2020-02-27', '2020-02-29', '04:44', '03:56', '444444444444', 1, '2222222222', '', '', '', '', 'NONTAWAT', '0000-00-00', ''),
(36, '2020-02-25 10:00:27', '031ED7EB-B331-4095-AA85-BCFCB30A5795', '', 2, '44444444444', '2020-02-27', '2020-02-29', '04:44', '03:56', '444444444444', 1, '2222222222', '', '', '', '', 'NONTAWAT', '0000-00-00', ''),
(37, '2020-02-25 10:00:27', '031ED7EB-B331-4095-AA85-BCFCB30A5795', '', 2, '44444444444', '2020-02-27', '2020-02-29', '04:44', '03:56', '444444444444', 1, '2222222222', '', '', '', '', 'NONTAWAT', '0000-00-00', ''),
(38, '2020-02-25 10:16:43', '031ED7EB-B331-4095-AA85-BCFCB30A5795', 'NONTAWAT', 4, '4', '2020-02-27', '2020-02-29', '23:01', '14:05', '45', 1, '', 'NONTAWAT', 'sada', '', '', '', '2020-02-25', '10:36'),
(39, '2020-02-25 10:16:43', '031ED7EB-B331-4095-AA85-BCFCB30A5795', '', 2, '4', '2020-02-27', '2020-02-29', '23:01', '14:05', '45', 1, '', '', '', '', '', 'NONTAWAT', '0000-00-00', ''),
(40, '2020-02-25 10:16:43', '031ED7EB-B331-4095-AA85-BCFCB30A5795', '', 2, '4', '2020-02-27', '2020-02-29', '23:01', '14:05', '45', 1, '', '', '', '', '', 'NONTAWAT', '0000-00-00', ''),
(41, '2020-02-25 10:16:43', '031ED7EB-B331-4095-AA85-BCFCB30A5795', '', 2, '4', '2020-02-27', '2020-02-29', '23:01', '14:05', '45', 1, '', '', '', '', '', 'NONTAWAT', '0000-00-00', ''),
(42, '2020-02-25 10:17:15', '031ED7EB-B331-4095-AA85-BCFCB30A5795', 'NONTAWAT', 4, 's', '2020-02-27', '2020-02-29', '03:33', '03:03', 'asca', 1, 'as', 'NONTAWAT', 'sada', '', '', '', '2020-02-25', '10:36'),
(43, '2020-02-25 10:19:49', '031ED7EB-B331-4095-AA85-BCFCB30A5795', 'NONTAWAT', 4, '525', '2020-02-27', '2020-02-28', '04:54', '04:45', '4524', 1, '454', 'NONTAWAT', 'asda', '', '', '', '2020-02-25', '10:36'),
(44, '2020-02-25 10:24:36', '031ED7EB-B331-4095-AA85-BCFCB30A5795', 'NONTAWAT', 4, '2', '2020-02-27', '2020-02-27', '11:11', '22:22', '22', 1, '4424', 'NONTAWAT', 'sada', '', '', '', '2020-02-25', '10:35'),
(45, '2020-02-25 10:25:37', '031ED7EB-B331-4095-AA85-BCFCB30A5795', 'NONTAWAT', 4, 'sd', '2020-02-27', '2020-02-29', '22:04', '23:24', 'ads', 1, 'sc', 'NONTAWAT', 'asd', '', 'dasd', '', '2020-02-25', '10:33'),
(46, '2020-02-25 10:25:37', '031ED7EB-B331-4095-AA85-BCFCB30A5795', '', 2, 'sd', '2020-02-27', '2020-02-29', '22:04', '23:24', 'ads', 1, 'sc', '', '', '', '', 'NONTAWAT', '0000-00-00', ''),
(47, '2020-02-25 10:30:50', '031ED7EB-B331-4095-AA85-BCFCB30A5795', 'NONTAWAT', 4, 's', '2020-02-27', '2020-02-29', '04:23', '03:23', 's', 1, '2', 'NONTAWAT', 'edas', '', '', '', '2020-02-25', '10:35'),
(48, '2020-02-25 10:30:50', '031ED7EB-B331-4095-AA85-BCFCB30A5795', 'NONTAWAT', 4, 's', '2020-02-27', '2020-02-29', '04:23', '03:23', 's', 1, '2', 'NONTAWAT', 'asda', '', 'asda', '', '2020-02-25', '10:35'),
(49, '2020-02-25 10:31:15', '031ED7EB-B331-4095-AA85-BCFCB30A5795', 'NONTAWAT', 4, 'dc', '2020-02-27', '2020-02-28', '03:02', '04:34', 'sdcds', 1, '3', 'NONTAWAT', 'asd', '', 'sadas', '', '2020-02-25', '10:35'),
(50, '2020-02-25 10:33:02', '031ED7EB-B331-4095-AA85-BCFCB30A5795', 'NONTAWAT', 4, '45', '2020-02-27', '2020-02-29', '04:45', '04:59', '4', 1, '454', 'NONTAWAT', 'asd', '', 'sada', '', '2020-02-25', '10:35'),
(51, '2020-02-25 10:52:22', '031ED7EB-B331-4095-AA85-BCFCB30A5795', 'NONTAWAT', 4, '4\r\n', '2020-02-27', '2020-02-28', '04:01', '04:04', '\r\n4', 1, '14\r\n2\r\n', 'NONTAWAT', '000000000000454', '', '454', '', '2020-02-25', '10:55'),
(52, '2020-02-25 10:52:59', '031ED7EB-B331-4095-AA85-BCFCB30A5795', '', 2, '\r\n14\r\n1', '2020-02-27', '2020-02-28', '04:44', '04:45', '4\r\n1', 1, '4', '', '', '', '', 'NONTAWAT', '0000-00-00', ''),
(53, '2020-02-25 10:53:24', '031ED7EB-B331-4095-AA85-BCFCB30A5795', 'NONTAWAT', 4, '45', '2020-02-27', '2020-02-27', '04:45', '04:55', '44', 1, '454', 'NONTAWAT', '', '', '45', '', '2020-02-25', '10:59'),
(54, '2020-02-25 10:53:48', '031ED7EB-B331-4095-AA85-BCFCB30A5795', 'NONTAWAT', 4, '4', '2020-02-27', '2020-02-28', '04:45', '04:05', '5454', 1, '454', 'NONTAWAT', '45', '', '454', '', '2020-02-25', '10:55'),
(55, '2020-02-25 11:58:36', '031ED7EB-B331-4095-AA85-BCFCB30A5795', 'NONTAWAT', 4, '36', '2020-02-27', '2020-02-28', '06:06', '07:59', '563', 2, '5', 'NONTAWAT', '555', '', '55555', '', '2020-02-25', '11:59'),
(56, '2020-02-25 13:25:23', '031ED7EB-B331-4095-AA85-BCFCB30A5795', 'NONTAWAT', 4, 'การเรียน', '2020-02-28', '2020-02-29', '08:30', '12:00', 'คณะวิทย์ฯ', 2, '', 'NONTAWAT', '', '', '', '', '2020-02-28', '14:34'),
(57, '2020-02-25 13:29:20', '031ED7EB-B331-4095-AA85-BCFCB30A5795', 'NONTAWAT', 4, '534354', '2020-02-27', '2020-02-29', '04:05', '06:07', '45345', 1, '54', 'NONTAWAT', '', '', '', '', '2020-02-28', '14:34'),
(58, '2020-02-25 13:53:34', '031ED7EB-B331-4095-AA85-BCFCB30A5795', 'NONTAWAT', 4, '5', '2020-02-27', '2020-02-29', '04:04', '05:05', '555', 1, '3213', 'NONTAWAT', '', '', '', '', '2020-02-28', '14:34'),
(59, '2020-02-25 14:57:53', '031ED7EB-B331-4095-AA85-BCFCB30A5795', 'NONTAWAT', 4, 's', '2020-02-27', '2020-02-29', '03:23', '23:34', 'df', 1, 'c', 'NONTAWAT', '', '', '', '', '2020-02-28', '14:34'),
(60, '2020-02-26 08:54:09', '031ED7EB-B331-4095-AA85-BCFCB30A5795', 'NONTAWAT', 4, '5', '2020-02-28', '2020-02-28', '04:44', '05:05', '5', 1, '', 'NONTAWAT', '', '', '', '', '2020-02-28', '14:34'),
(61, '2020-02-26 10:00:14', '031ED7EB-B331-4095-AA85-BCFCB30A5795', 'NONTAWAT', 4, '565', '2020-02-28', '2020-02-28', '06:05', '05:06', '6565', 1, '5', 'NONTAWAT', '', '', '555', '', '2020-02-28', '14:34'),
(62, '2020-02-26 11:31:52', '031ED7EB-B331-4095-AA85-BCFCB30A5795', 'NONTAWAT', 4, '12', '2020-02-28', '2020-02-29', '23:59', '20:02', '12', 1, '12', 'NONTAWAT', '', '', '', '', '2020-02-28', '14:34'),
(63, '2020-03-02 09:24:44', '031ED7EB-B331-4095-AA85-BCFCB30A5795', 'NONTAWAT', 4, 'งานเต้นรำ', '2020-03-04', '2020-03-06', '08:30', '09:00', 'คณะวิทย์ฯ', 2, '55', 'NONTAWAT', 'เมาส์รับคืน\r\n', '', 'ให้ยืม', '', '2020-03-03', '14:03'),
(64, '2020-03-02 09:28:21', '015B97FE-47FD-45B1-97DB-6C3A3F894781', 'NONTAWAT', 4, 'งานเทศกาลปีใหม่', '2020-03-05', '2020-03-06', '09:00', '09:00', 'คณะวิทย์ฯ', 1, 'ยืม', 'NONTAWAT', 'รับคืน\r\n', '', 'ให้ยืม', '', '2020-03-03', '14:42'),
(65, '2020-03-02 09:31:33', '015B97FE-47FD-45B1-97DB-6C3A3F894781', 'NONTAWAT', 4, 'ใช้งานเดินขบวนน', '2020-03-04', '2020-03-08', '09:00', '12:00', 'คณะวิทย์ฯ มช', 1, '555', 'NONTAWAT', 'รับคืน\r\n', '', 'อนุมัติ', '', '2020-03-03', '14:43'),
(66, '2020-03-03 15:14:44', '015B97FE-47FD-45B1-97DB-6C3A3F894781', '', 2, '454', '2020-03-05', '2020-03-13', '04:24', '23:42', '552424', 1, '4', '', '', '', '', 'NONTAWAT', '0000-00-00', ''),
(67, '2020-03-04 16:00:34', '015B97FE-47FD-45B1-97DB-6C3A3F894781', 'NONTAWAT', 4, '555555555555555', '2020-03-06', '2020-03-07', '06:30', '07:30', '566666666666666', 1, 'ขอใช้', 'NONTAWAT', '', '', 'ยืม', '', '2020-03-04', '16:03');

-- --------------------------------------------------------

--
-- Table structure for table `tb_status`
--

CREATE TABLE `tb_status` (
  `status_id` int(11) NOT NULL,
  `status_name` varchar(200) COLLATE utf8_bin NOT NULL COMMENT 'สถานะของอุปกรณ์'
) ENGINE=InnoDB DEFAULT CHARSET=utf8 COLLATE=utf8_bin;

--
-- Dumping data for table `tb_status`
--

INSERT INTO `tb_status` (`status_id`, `status_name`) VALUES
(1, 'ปกติ'),
(2, 'ใช้งานไม่ได้');

-- --------------------------------------------------------

--
-- Table structure for table `tb_usertype`
--

CREATE TABLE `tb_usertype` (
  `usertype_id` int(11) NOT NULL,
  `usertype_name` varchar(255) COLLATE utf8_bin NOT NULL
) ENGINE=InnoDB DEFAULT CHARSET=utf8 COLLATE=utf8_bin;

--
-- Dumping data for table `tb_usertype`
--

INSERT INTO `tb_usertype` (`usertype_id`, `usertype_name`) VALUES
(1, 'Admin'),
(2, 'Username');

--
-- Indexes for dumped tables
--

--
-- Indexes for table `service_status`
--
ALTER TABLE `service_status`
  ADD PRIMARY KEY (`status_id`);

--
-- Indexes for table `tblemployment`
--
ALTER TABLE `tblemployment`
  ADD PRIMARY KEY (`ID`);

--
-- Indexes for table `tb_admin`
--
ALTER TABLE `tb_admin`
  ADD PRIMARY KEY (`admin_id`);

--
-- Indexes for table `tb_equipment`
--
ALTER TABLE `tb_equipment`
  ADD PRIMARY KEY (`equipment_id`);

--
-- Indexes for table `tb_list`
--
ALTER TABLE `tb_list`
  ADD PRIMARY KEY (`list_id`);

--
-- Indexes for table `tb_service`
--
ALTER TABLE `tb_service`
  ADD PRIMARY KEY (`service_id`);

--
-- Indexes for table `tb_servicedetails`
--
ALTER TABLE `tb_servicedetails`
  ADD PRIMARY KEY (`servicedetail_id`);

--
-- Indexes for table `tb_status`
--
ALTER TABLE `tb_status`
  ADD PRIMARY KEY (`status_id`);

--
-- Indexes for table `tb_usertype`
--
ALTER TABLE `tb_usertype`
  ADD PRIMARY KEY (`usertype_id`);

--
-- AUTO_INCREMENT for dumped tables
--

--
-- AUTO_INCREMENT for table `service_status`
--
ALTER TABLE `service_status`
  MODIFY `status_id` int(11) NOT NULL AUTO_INCREMENT, AUTO_INCREMENT=7;

--
-- AUTO_INCREMENT for table `tb_equipment`
--
ALTER TABLE `tb_equipment`
  MODIFY `equipment_id` int(11) NOT NULL AUTO_INCREMENT, AUTO_INCREMENT=26;

--
-- AUTO_INCREMENT for table `tb_list`
--
ALTER TABLE `tb_list`
  MODIFY `list_id` int(11) NOT NULL AUTO_INCREMENT, AUTO_INCREMENT=315;

--
-- AUTO_INCREMENT for table `tb_service`
--
ALTER TABLE `tb_service`
  MODIFY `service_id` int(11) NOT NULL AUTO_INCREMENT, AUTO_INCREMENT=3;

--
-- AUTO_INCREMENT for table `tb_servicedetails`
--
ALTER TABLE `tb_servicedetails`
  MODIFY `servicedetail_id` int(11) NOT NULL AUTO_INCREMENT, AUTO_INCREMENT=68;

--
-- AUTO_INCREMENT for table `tb_status`
--
ALTER TABLE `tb_status`
  MODIFY `status_id` int(11) NOT NULL AUTO_INCREMENT, AUTO_INCREMENT=5;

--
-- AUTO_INCREMENT for table `tb_usertype`
--
ALTER TABLE `tb_usertype`
  MODIFY `usertype_id` int(11) NOT NULL AUTO_INCREMENT, AUTO_INCREMENT=3;
COMMIT;

/*!40101 SET CHARACTER_SET_CLIENT=@OLD_CHARACTER_SET_CLIENT */;
/*!40101 SET CHARACTER_SET_RESULTS=@OLD_CHARACTER_SET_RESULTS */;
/*!40101 SET COLLATION_CONNECTION=@OLD_COLLATION_CONNECTION */;
